	occurrences_as_cue	total_occurrences	ratio
:	350	1407	0.249
from	46	2554	0.018
,	12	34758	0.0
.	2	29391	0.0
in	121	13362	0.009
we	1	2867	0.0
mock	24	41	0.585
of	469	15019	0.031
hopeful	5	44	0.114
Trump	6	4990	0.001
if	2	1184	0.002
do	5	2996	0.002
not	2	4740	0.0
like	42	874	0.048
it	12	4263	0.003
be	47	21277	0.002
go	2	1374	0.001
to	774	17563	0.044
about	490	1889	0.259
--	4	1692	0.002
tell	508	732	0.694
?	1	686	0.001
change	1	488	0.002
night	8	358	0.022
's	1	6911	0.0
debate	16	578	0.028
better	1	237	0.004
he	2	10845	0.0
reserve	1	22	0.045
most	3	788	0.004
for	443	6216	0.071
``	3	7204	0.0
''	13	10752	0.001
as	97	3883	0.025
well	3	422	0.007
candidate	1	1429	0.001
they	1	4560	0.0
say	5082	6312	0.805
figure	3	106	0.028
that	11	8923	0.001
get	1	1060	0.001
on	346	5763	0.06
Saturday	9	192	0.047
campaign	6	1967	0.003
now	1	728	0.001
plan	59	472	0.125
Cruz	1	1032	0.001
earlier	1	184	0.005
best	1	208	0.005
point	8	525	0.015
demonstrate	9	50	0.18
help	1	456	0.002
have	8	8487	0.001
seek	67	220	0.305
presidency	1	115	0.009
remind	22	43	0.512
leave	2	380	0.005
track	1	67	0.015
MSNBC	1	58	0.017
exactly	2	59	0.034
she	2	4397	0.0
by	78	2726	0.029
great	1	175	0.006
line	2	215	0.009
back	69	619	0.111
when	4	1158	0.003
Clinton	3	4201	0.001
I	2	3345	0.001
know	91	668	0.136
fire	6	104	0.058
also	2	1026	0.002
out	96	1124	0.085
think	105	858	0.122
reduce	1	54	0.019
more	1	1726	0.001
defend	59	124	0.476
;	3	534	0.006
California	1	201	0.005
observe	4	10	0.4
stage	1	123	0.008
itself	2	72	0.028
clear	38	236	0.161
Tuesday	13	605	0.021
which	1	1128	0.001
conduct	1	119	0.008
part	1	368	0.003
showcase	1	11	0.091
policy	1	499	0.002
only	3	610	0.005
News	2	291	0.007
idea	10	197	0.051
year	8	1174	0.007
take	4	908	0.004
its	1	755	0.001
place	2	288	0.007
reflect	4	69	0.058
turn	1	347	0.003
event	1	220	0.005
bring	4	243	0.016
with	117	4007	0.029
fact	2	222	0.009
set	3	202	0.015
off	20	312	0.064
open	1	206	0.005
up	27	1071	0.025
word	2	167	0.012
at	85	3038	0.028
October	2	69	0.029
crystallize	1	6	0.167
how	3	645	0.005
call	261	859	0.304
question	76	486	0.156
ask	249	474	0.525
illustrate	3	9	0.333
trust	3	85	0.035
media	2	308	0.006
intention	1	20	0.05
voting	1	171	0.006
primary	2	895	0.002
continue	44	355	0.124
look	20	453	0.044
book	2	134	0.015
insult	4	47	0.085
over	55	955	0.058
here	2	376	0.005
talk	11	345	0.032
issue	11	608	0.018
care	2	221	0.009
articulate	5	15	0.333
recapitulate	1	1	1.0
attempt	4	128	0.031
hard	1	144	0.007
hear	6	155	0.039
applause	1	19	0.053
later	4	221	0.018
join	1	118	0.008
true	1	78	0.013
Colorado	1	45	0.022
underscore	10	31	0.323
importance	1	35	0.029
consensus	2	24	0.083
view	30	236	0.127
likely	1	280	0.004
feel	26	220	0.118
make	20	1405	0.014
sure	6	109	0.055
let	1	176	0.006
start	1	282	0.004
feeling	1	27	0.037
state	48	1509	0.032
see	121	690	0.175
vote	13	830	0.016
push	24	180	0.133
want	106	677	0.157
sense	6	92	0.065
head	1	176	0.006
Washington	1	370	0.003
Post	1	175	0.006
quote	13	38	0.342
both	1	503	0.002
need	8	578	0.014
win	2	1111	0.002
House	1	532	0.002
add	266	395	0.673
party	1	940	0.001
picture	1	48	0.021
today	3	173	0.017
regard	4	42	0.095
then	2	379	0.005
deal	2	331	0.006
reject	33	68	0.485
insufficient	1	9	0.111
Congress	1	227	0.004
down	14	363	0.039
laugh	4	31	0.129
watch	8	166	0.048
dear	1	7	0.143
refer	4	101	0.04
obvious	2	19	0.105
give	17	595	0.029
after	10	1129	0.009
recall	48	64	0.75
yourself	1	16	0.062
message	4	271	0.015
gun	1	238	0.004
headline	2	36	0.056
hit	8	105	0.076
where	1	538	0.002
law	3	384	0.008
order	23	137	0.168
left	1	44	0.023
himself	1	183	0.005
answer	20	147	0.136
foretell	1	2	0.5
stick	1	40	0.025
intend	11	50	0.22
repeat	15	57	0.263
time	10	903	0.011
through	4	361	0.011
nominate	21	69	0.304
ready	1	85	0.012
into	9	727	0.012
shift	1	111	0.009
Iowa	1	452	0.002
ap	1	75	0.013
struggle	1	109	0.009
raise	8	308	0.026
run	6	473	0.013
lean	1	36	0.028
poll	1	631	0.002
behind	10	216	0.046
Sanders	3	2033	0.001
critique	1	27	0.037
opponent	3	107	0.028
recently	7	156	0.045
end	3	323	0.009
account	2	172	0.012
pursue	5	55	0.091
nomination	1	437	0.002
move	3	291	0.01
first	1	677	0.001
report	150	479	0.313
Obama	1	1282	0.001
choose	7	124	0.056
believe	76	348	0.218
document	7	104	0.067
award	2	52	0.038
promise	76	163	0.466
read	25	102	0.245
admit	31	70	0.443
guess	5	23	0.217
ridicule	2	6	0.333
criticize	82	124	0.661
decision	19	244	0.078
estimate	18	57	0.316
accept	14	100	0.14
prove	9	106	0.085
use	7	579	0.012
smear	1	6	0.167
threat	2	135	0.015
against	108	707	0.153
explain	77	122	0.631
announcement	3	53	0.057
boost	1	47	0.021
around	4	248	0.016
would	3	1978	0.002
increase	1	171	0.006
day	1	514	0.002
attention	8	133	0.06
note	180	248	0.726
limit	2	64	0.031
expose	8	35	0.229
forget	3	28	0.107
willing	8	67	0.119
goal	4	80	0.05
government	1	401	0.002
brand	2	38	0.053
accuse	77	117	0.658
follow	6	268	0.022
Twitter	8	201	0.04
terror	1	36	0.028
attack	55	682	0.081
highlight	25	55	0.455
pose	2	50	0.04
suggest	181	239	0.757
include	19	634	0.03
ban	7	139	0.05
claim	97	233	0.416
refusal	3	24	0.125
support	170	995	0.171
form	1	67	0.015
specifically	1	42	0.024
focus	4	258	0.016
opposition	3	83	0.036
list	21	143	0.147
newspaper	2	67	0.03
empower	2	14	0.143
sell	2	88	0.023
pass	17	140	0.121
few	1	207	0.005
convict	1	14	0.071
among	14	487	0.029
show	233	689	0.338
determine	17	82	0.207
guarantee	2	27	0.074
reason	3	152	0.02
well-document	1	1	1.0
once	1	187	0.005
begin	3	269	0.011
allegation	5	35	0.143
February	2	73	0.027
respond	36	181	0.199
case	12	343	0.035
risk	1	111	0.009
rethink	1	5	0.2
rather	1	109	0.009
write	231	393	0.588
reach	2	139	0.014
author	2	40	0.05
experience	4	144	0.028
teach	1	32	0.031
contain	1	48	0.021
reply	21	40	0.525
column	1	39	0.026
cite	79	94	0.84
-	8	1201	0.007
judge	5	158	0.032
ignore	15	65	0.231
sentence	3	40	0.075
find	88	382	0.23
refuse	42	95	0.442
credit	3	67	0.045
plead	2	16	0.125
guilty	4	25	0.16
prosecute	2	26	0.077
long	1	296	0.003
conclude	40	62	0.645
cast	14	94	0.149
camp	1	49	0.02
memo	1	24	0.042
impose	4	31	0.129
force	2	218	0.009
observation	1	7	0.143
disagreement	1	18	0.056
exclaim	1	2	0.5
register	1	101	0.01
court	2	204	0.01
blast	32	42	0.762
yet	2	240	0.008
profess	1	4	0.25
inability	1	11	0.091
statement	55	321	0.171
decide	31	138	0.225
moment	2	142	0.014
address	25	206	0.121
seem	94	258	0.364
try	3	430	0.007
speak	6	407	0.015
surprise	7	65	0.108
expect	113	217	0.521
rupt	1	1	1.0
within	1	130	0.008
realize	7	29	0.241
program	1	170	0.006
return	2	154	0.013
stay	1	121	0.008
matter	1	148	0.007
wonder	15	36	0.417
between	3	402	0.007
buy	3	77	0.039
certain	5	91	0.055
apparent	1	37	0.027
concern	15	162	0.093
reluctant	2	13	0.154
express	24	83	0.289
administration	1	223	0.004
wrong	1	113	0.009
regret	2	25	0.08
wish	3	35	0.086
again	4	234	0.017
urge	45	57	0.789
tear	1	24	0.042
eye	4	54	0.074
wave	1	45	0.022
relish	5	6	0.833
email	15	559	0.027
thank	16	44	0.364
work	2	734	0.003
display	5	35	0.143
doubt	12	58	0.207
ahead	1	158	0.006
fight	2	291	0.007
announce	128	177	0.723
month	10	496	0.02
week	11	710	0.015
grant	2	49	0.041
require	16	130	0.123
discuss	51	99	0.515
present	12	81	0.148
recognize	24	76	0.316
administer	1	7	0.143
outset	1	7	0.143
share	19	172	0.11
position	6	223	0.027
examine	1	12	0.083
assessment	1	24	0.042
compare	16	105	0.152
2012	1	210	0.005
witness	5	30	0.167
record	4	260	0.015
instruct	2	10	0.2
under	7	299	0.023
publicly	2	79	0.025
receive	1	181	0.006
enthusiasm	1	35	0.029
mean	15	234	0.064
discrediting	1	2	0.5
supporter	10	473	0.021
detail	7	63	0.111
hope	84	226	0.372
put	8	336	0.024
avoid	1	74	0.014
happy	2	29	0.069
news	5	271	0.018
smile	1	21	0.048
mind	7	87	0.08
grin	2	3	0.667
file	11	105	0.105
confess	2	3	0.667
system	1	238	0.004
confirm	28	52	0.538
reaffirm	5	7	0.714
love	8	108	0.074
worry	13	58	0.224
appoint	6	34	0.176
instead	2	148	0.014
learn	18	89	0.202
themselves	1	111	0.009
rip	5	24	0.208
understand	15	144	0.104
firsthand	1	5	0.2
adopt	7	47	0.149
movement	2	147	0.014
lead	1	621	0.002
effort	5	283	0.018
target	7	125	0.056
strategy	2	156	0.013
Thursday	11	268	0.041
speech	6	356	0.017
defense	3	74	0.041
piece	1	46	0.022
Sunday	13	188	0.069
propose	46	103	0.447
interview	23	400	0.058
air	4	85	0.047
comment	9	319	0.028
overlook	1	16	0.062
appeal	3	122	0.025
frustration	2	41	0.049
anger	6	59	0.102
remark	15	156	0.096
morning	3	101	0.03
revolt	1	10	0.1
conference	2	147	0.014
drive	2	107	0.019
wall	1	117	0.009
afford	1	27	0.037
sound	9	70	0.129
familiar	1	50	0.02
correct	1	34	0.029
prediction	3	14	0.214
article	2	73	0.027
Politico	1	33	0.03
twice	1	47	0.021
select	1	43	0.023
prompt	1	48	0.021
boast	6	27	0.222
reveal	47	77	0.61
draw	5	156	0.032
toward	11	125	0.088
opinion	1	71	0.014
favor	24	136	0.176
agree	45	154	0.292
echo	18	41	0.439
enforce	1	8	0.125
elect	4	164	0.024
hold	5	379	0.013
evening	1	49	0.02
%	1	232	0.004
suspect	4	30	0.133
scanner	1	5	0.2
portray	19	33	0.576
tweet	67	185	0.362
nervous	1	15	0.067
description	1	18	0.056
narrative	1	24	0.042
Friday	15	191	0.079
define	5	43	0.116
Press	2	73	0.027
revelation	1	17	0.059
pledge	38	152	0.25
terrible	1	37	0.027
forthcoming	1	3	0.333
investigate	3	39	0.077
appear	88	259	0.34
information	1	219	0.005
2011	1	52	0.019
wage	1	139	0.007
battle	1	122	0.008
network	1	152	0.007
prevent	3	78	0.038
CNN	2	161	0.012
describe	98	139	0.705
clash	1	34	0.029
block	7	79	0.089
video	1	153	0.007
credite	7	8	0.875
testify	4	20	0.2
evidence	3	101	0.03
admission	3	11	0.273
contest	1	329	0.003
bet	1	34	0.029
threaten	18	52	0.346
response	3	154	0.019
proposal	9	130	0.069
bar	3	35	0.086
rally	3	276	0.011
Monday	10	307	0.033
proud	1	38	0.026
reputation	2	45	0.044
criticism	22	129	0.171
slam	25	36	0.694
condemn	17	34	0.5
hate	5	66	0.076
schedule	2	86	0.023
prefer	22	48	0.458
self-described	3	17	0.176
indicate	35	52	0.673
attribute	6	20	0.3
rise	1	200	0.005
drop	2	104	0.019
survey	1	125	0.008
mirror	1	13	0.077
blame	36	68	0.529
cover	7	87	0.08
Project	1	11	0.091
advocate	8	91	0.088
challenging	1	17	0.059
miss	1	46	0.022
count	3	94	0.032
praise	50	85	0.588
champion	7	44	0.159
rule	7	204	0.034
stand	1	214	0.005
argue	140	178	0.787
interest	3	193	0.016
represent	8	153	0.052
release	24	327	0.073
publish	8	60	0.133
Wednesday	14	238	0.059
press	6	144	0.042
decline	49	125	0.392
whether	6	385	0.016
March	1	161	0.006
provide	10	200	0.05
review	2	58	0.034
appearance	1	83	0.012
Reuters	1	30	0.033
agenda	2	104	0.019
disclose	11	27	0.407
stance	1	50	0.02
much	1	513	0.002
discussion	2	59	0.034
approval	3	52	0.058
popularity	1	36	0.028
consider	48	170	0.282
boo	2	13	0.154
capture	3	66	0.045
ire	1	7	0.143
reference	12	47	0.255
bear	3	91	0.033
immediately	1	70	0.014
post	19	129	0.147
excited	1	9	0.111
often	1	173	0.006
mention	56	108	0.519
July	1	118	0.008
conflate	1	5	0.2
insert	1	10	0.1
story	1	174	0.006
eager	8	20	0.4
popular	2	84	0.024
coin	1	19	0.053
phrase	1	20	0.05
amusement	1	1	1.0
oppose	58	151	0.384
carry	1	101	0.01
declare	67	107	0.626
upon	7	38	0.184
offer	56	224	0.25
remember	21	71	0.296
roll	1	57	0.018
committee	1	160	0.006
endorse	102	204	0.5
involve	1	62	0.016
hire	8	68	0.118
above	1	62	0.016
aboard	1	10	0.1
conversation	2	91	0.022
compile	2	12	0.167
bill	3	193	0.016
convince	8	25	0.32
link	3	61	0.049
protest	5	75	0.067
invite	5	33	0.152
applaud	12	22	0.545
aide	2	162	0.012
retweet	6	13	0.462
voice	5	102	0.049
lecture	1	11	0.091
allow	21	166	0.127
employ	1	20	0.05
distribute	1	16	0.062
Facebook	6	110	0.055
pen	1	7	0.143
dismiss	33	46	0.717
counter	5	29	0.172
undermine	1	43	0.023
forward	2	83	0.024
mad	1	10	0.1
deny	33	71	0.465
pause	1	20	0.05
challenge	22	174	0.126
stress	13	24	0.542
overturn	2	17	0.118
respected	1	15	0.067
plot	2	15	0.133
yell	5	16	0.312
mourn	1	10	0.1
introduce	12	56	0.214
label	6	26	0.231
disregard	2	6	0.333
pan	1	2	0.5
measure	2	103	0.019
unveil	5	13	0.385
aim	8	76	0.105
letter	3	82	0.037
past	4	271	0.015
clarify	6	12	0.5
serious	1	70	0.014
commitment	3	53	0.057
reverse	1	32	0.031
heat	1	49	0.02
determined	1	10	0.1
identify	17	80	0.212
personally	1	38	0.026
Court	1	163	0.006
maintain	7	57	0.123
confident	7	33	0.212
dislike	5	18	0.278
distrust	1	7	0.143
advance	1	30	0.033
please	1	21	0.048
tackle	1	19	0.053
Hall	1	22	0.045
vow	49	65	0.754
so-called	1	22	0.045
broadcast	4	26	0.154
enjoy	8	45	0.178
direct	2	89	0.022
tie	2	105	0.019
endorsement	7	143	0.049
decade	1	150	0.007
sign	16	213	0.075
disdain	1	4	0.25
-rsb-	1	89	0.011
commit	1	58	0.017
-RSB-	11	147	0.075
overstate	2	4	0.5
draft	1	40	0.025
declaration	1	15	0.067
remain	1	275	0.004
promote	17	53	0.321
guide	1	24	0.042
moderate	1	66	0.015
term	2	160	0.012
pick	4	128	0.031
establish	3	36	0.083
dawn	1	7	0.143
saying	1	2	0.5
whisper	1	7	0.143
rhetorically	3	3	1.0
belief	6	28	0.214
reportedly	15	27	0.556
replace	1	40	0.025
e-mail	1	34	0.029
candidly	1	6	0.167
deliver	11	119	0.092
secret	1	82	0.012
forth	2	18	0.111
remove	1	36	0.028
deem	13	22	0.591
troubling	2	10	0.2
spread	1	48	0.021
writing	2	14	0.143
panel	1	46	0.022
detain	1	9	0.111
downplay	4	9	0.444
launch	5	64	0.078
festival	1	4	0.25
fear	31	119	0.261
rank	3	55	0.055
shelf	1	6	0.167
trend	1	27	0.037
dispute	8	38	0.211
govern	1	19	0.053
mull	2	3	0.667
design	6	40	0.15
calculate	3	14	0.214
spot	3	49	0.061
motivated	1	6	0.167
defy	1	13	0.077
predict	37	59	0.627
stumble	1	15	0.067
Hampshire	2	366	0.005
embolden	1	3	0.333
favorite	3	56	0.054
depth	1	12	0.083
unleash	1	13	0.077
real-time	1	6	0.167
permanent	1	19	0.053
pretend	2	7	0.286
trade	2	200	0.01
bid	1	109	0.009
assertion	8	23	0.348
dump	1	11	0.091
intimate	1	3	0.333
disappointment	1	10	0.1
January	1	61	0.016
produce	2	50	0.04
inform	6	17	0.353
create	3	164	0.018
ad	2	187	0.011
trail	2	120	0.017
lawsuit	1	82	0.012
ballot	1	126	0.008
unclear	5	35	0.143
assert	21	29	0.724
disappointing	1	10	0.1
filing	1	28	0.036
interrupt	1	13	0.077
shout	9	27	0.333
aside	2	26	0.077
urging	14	26	0.538
connect	1	36	0.028
replay	2	6	0.333
critic	1	69	0.014
heckle	1	3	0.333
holding	1	6	0.167
chant	14	29	0.483
accusation	4	37	0.108
cheer	3	59	0.051
desire	5	18	0.278
denounce	35	48	0.729
advice	6	48	0.125
welcome	9	57	0.158
contrast	6	83	0.072
heavily	1	41	0.024
pressure	2	67	0.03
optimistic	2	18	0.111
emphaseze	5	9	0.556
equally	1	15	0.067
recite	3	6	0.5
request	14	139	0.101
complain	16	30	0.533
warn	36	53	0.679
forum	1	20	0.05
beyond	1	87	0.011
devote	3	25	0.12
implement	1	17	0.059
emphasize	14	22	0.636
embrace	17	83	0.205
notion	4	36	0.111
merit	1	8	0.125
polish	1	6	0.167
murmur	1	2	0.5
repeatedly	5	86	0.058
elaborate	1	11	0.091
disappointed	1	14	0.071
booe	5	20	0.25
content	1	41	0.024
profil	1	3	0.333
Hannity	1	49	0.02
finding	1	25	0.04
scrutiny	4	43	0.093
overwhelmingly	1	27	0.037
admire	3	11	0.273
positively	1	3	0.333
evenly	2	15	0.133
telephone	1	24	0.042
vie	1	13	0.077
slogan	2	17	0.118
greet	2	13	0.154
argument	6	90	0.067
crack	2	30	0.067
expectation	3	48	0.062
suspend	2	41	0.049
hammer	4	13	0.308
perform	1	38	0.026
congratulate	8	17	0.471
slid	1	3	0.333
footage	1	12	0.083
celebrate	7	49	0.143
rattle	4	20	0.2
upset	3	22	0.136
worried	12	47	0.255
quarter	1	34	0.029
joke	12	42	0.286
concede	16	23	0.696
phone	2	64	0.031
tout	20	23	0.87
resonate	2	24	0.083
decry	14	15	0.933
determination	1	19	0.053
assure	17	38	0.447
trumpete	3	5	0.6
incite	1	26	0.038
allegedly	1	12	0.083
emerge	1	66	0.015
insist	59	75	0.787
resist	4	17	0.235
dub	5	8	0.625
feed	1	55	0.018
mark	5	71	0.07
cry	4	17	0.235
broker	1	33	0.03
pled	6	7	0.857
enact	1	13	0.077
reading	2	5	0.4
extol	3	4	0.75
confront	1	39	0.026
mouthe	1	1	1.0
unknown	2	16	0.125
seemingly	4	21	0.19
generate	1	38	0.026
shocked	4	17	0.235
imagine	7	35	0.2
reaction	2	34	0.059
pill	1	6	0.167
contradict	5	15	0.333
conclusion	1	31	0.032
politicize	1	11	0.091
Cleveland	1	106	0.009
underestimate	2	18	0.111
confidence	6	32	0.188
assume	6	38	0.158
distinguish	2	6	0.333
encourage	17	65	0.262
bemoan	6	6	1.0
lambast	4	6	0.667
unhappy	2	7	0.286
satisfied	1	19	0.053
authorize	4	19	0.211
complaint	9	30	0.3
suggestion	10	35	0.286
charge	19	141	0.135
appreciate	1	20	0.05
embarrassing	1	12	0.083
disavow	9	21	0.429
Endorsement	1	2	0.5
midwife	1	1	1.0
platform	1	113	0.009
prioritize	1	7	0.143
agreement	4	133	0.03
knock	5	31	0.161
perspective	1	23	0.043
scare	3	18	0.167
imply	13	26	0.5
notice	5	30	0.167
concerned	4	48	0.083
co-sponsor	3	10	0.3
legislation	4	81	0.049
prohibit	4	13	0.308
project	11	84	0.131
sarcastically	2	2	1.0
herself	1	77	0.013
demand	17	76	0.224
frustrated	1	21	0.048
outline	8	19	0.421
interject	2	8	0.25
feature	3	47	0.064
insistently	1	2	0.5
bark	2	3	0.667
react	1	26	0.038
lament	14	16	0.875
sentiment	2	28	0.071
surface	2	14	0.143
resistance	2	19	0.105
eschew	1	2	0.5
allege	19	48	0.396
submit	2	14	0.143
beam	1	8	0.125
amplify	1	9	0.111
preach	1	5	0.2
title	11	44	0.25
restrict	5	21	0.238
backlash	1	10	0.1
apologize	3	29	0.103
pitch	3	24	0.125
tally	1	17	0.059
aware	4	24	0.167
hint	6	20	0.3
fearful	1	4	0.25
elevate	1	20	0.05
desperate	1	21	0.048
dare	1	6	0.167
riff	1	5	0.2
proclaim	5	8	0.625
warning	12	39	0.308
negotiate	3	25	0.12
insistence	2	7	0.286
unsure	1	5	0.2
scold	2	5	0.4
slight	1	6	0.167
recit	1	4	0.25
idolize	1	1	1.0
assurance	3	5	0.6
inspire	1	30	0.033
Bolton	1	20	0.05
bare	1	9	0.111
reassure	4	9	0.444
denial	1	10	0.1
distance	1	33	0.03
understanding	3	24	0.125
advise	5	48	0.104
anticipate	3	15	0.2
analysis	2	43	0.047
withhold	1	6	0.167
offend	1	10	0.1
scorn	3	9	0.333
sue	5	30	0.167
detailed	2	28	0.071
savage	3	7	0.429
boycot	1	2	0.5
escalate	1	17	0.059
bash	2	14	0.143
disclosure	1	25	0.04
assail	9	13	0.692
balk	1	6	0.167
paint	5	16	0.312
unwillingness	2	9	0.222
recount	7	18	0.389
craft	2	9	0.222
per	1	32	0.031
translator	1	1	1.0
camera	1	25	0.04
willingness	2	17	0.118
Listing	1	1	1.0
ponder	2	5	0.4
rebuke	7	15	0.467
grieve	1	3	0.333
painting	2	14	0.143
designate	1	6	0.167
Said	5	7	0.714
signal	3	25	0.12
persuade	13	37	0.351
skeptical	3	29	0.103
debunk	1	8	0.125
strike	2	71	0.028
hail	6	9	0.667
appealing	1	17	0.059
acknowledge	70	98	0.714
crow	1	6	0.167
alarm	3	9	0.333
frustrate	1	8	0.125
presume	1	10	0.1
develop	1	46	0.022
recommend	11	27	0.407
respect	1	55	0.018
liken	5	9	0.556
delete	1	13	0.077
towards	1	11	0.091
scared	1	12	0.083
revoke	1	4	0.25
Friends	1	23	0.043
skepticism	1	14	0.071
officially	1	19	0.053
tarnish	1	6	0.167
atop	1	7	0.143
vent	1	3	0.333
reprise	2	4	0.5
gesture	1	10	0.1
boom	1	14	0.071
suit	2	25	0.08
blare	2	7	0.286
matter-of-factly	1	1	1.0
thrilled	1	5	0.2
affirm	4	13	0.308
recognition	3	21	0.143
apparently	1	35	0.029
tolerate	1	6	0.167
plea	2	10	0.2
privately	1	26	0.038
rate	1	169	0.006
frame	1	14	0.071
explicitly	1	10	0.1
perceive	3	22	0.136
outrage	3	16	0.188
boycott	1	16	0.062
confused	1	3	0.333
monitor	2	19	0.105
interpret	3	10	0.3
motive	1	2	0.5
Amazon	1	21	0.048
trash	3	13	0.231
much-praised	1	1	1.0
rubbish	1	1	1.0
contemplate	5	9	0.556
speculate	6	11	0.545
roil	1	6	0.167
Calls	1	2	0.5
operation	1	74	0.014
renew	1	22	0.045
exclude	1	3	0.333
exploit	3	23	0.13
beg	2	9	0.222
recast	1	5	0.2
rename	1	2	0.5
autobiography	1	4	0.25
page	1	76	0.013
refute	2	3	0.667
vet	3	32	0.094
perception	1	21	0.048
priority	4	95	0.042
alert	1	4	0.25
Pins	1	1	1.0
investor	1	61	0.016
reinstate	1	10	0.1
deflect	2	7	0.286
purport	1	5	0.2
perpetuate	1	5	0.2
Tweet	1	1	1.0
resolution	1	20	0.05
grous	1	1	1.0
approve	5	32	0.156
unpopular	1	15	0.067
antipathy	1	6	0.167
signale	5	10	0.5
eliminate	1	38	0.026
repudiate	4	6	0.667
impressed	1	10	0.1
Votes	1	2	0.5
petition	1	10	0.1
bother	1	15	0.067
resolve	1	22	0.045
breach	1	19	0.053
fault	1	19	0.053
revisit	2	7	0.286
exemplify	2	2	1.0
insecurity	1	7	0.143
justify	4	8	0.5
Disccused	1	1	1.0
existence	1	9	0.111
coach	1	3	0.333
discover	2	25	0.08
ice	1	13	0.077
reprimand	2	7	0.286
chastise	1	4	0.25
acquiesce	1	5	0.2
achievement	1	22	0.045
convinced	9	14	0.643
advanced	1	23	0.043
excite	1	6	0.167
craving	1	1	1.0
assumption	4	15	0.267
optimism	1	10	0.1
credible	1	19	0.053
sanction	1	27	0.037
opt	2	15	0.133
contend	6	13	0.462
recommendation	1	23	0.043
reasoning	1	3	0.333
command	1	25	0.04
commission	1	18	0.056
trace	1	8	0.125
uncertain	1	13	0.077
certainty	1	6	0.167
dissect	1	2	0.5
reiterate	14	21	0.667
skirt	1	4	0.25
jab	2	8	0.25
reminder	2	20	0.1
Hints	1	1	1.0
afterward	1	11	0.091
remorse	1	2	0.5
dictum	1	3	0.333
volunteer	1	40	0.025
worldview	1	5	0.2
ty	2	8	0.25
deride	6	8	0.75
pressured	2	3	0.667
wield	1	4	0.25
fondly	1	2	0.5
invoke	8	19	0.421
weakest	1	3	0.333
lobbie	1	8	0.125
well-known	1	9	0.111
smirk	1	1	1.0
glad	4	13	0.308
Diego	1	19	0.053
ratify	2	6	0.333
disbelief	1	4	0.25
speculation	4	21	0.19
anti-obama	1	1	1.0
episode	1	22	0.045
surprised	2	20	0.1
cherish	1	6	0.167
deplore	1	2	0.5
horrify	2	3	0.667
Air	1	14	0.071
herald	3	3	1.0
envision	7	11	0.636
skeptically	1	1	1.0
resent	1	2	0.5
implication	1	13	0.077
execute	1	15	0.067
linger	1	12	0.083
forecast	6	13	0.462
demagoguery	1	1	1.0
assess	1	11	0.091
sponsor	1	27	0.037
engender	1	3	0.333
mandate	3	31	0.097
scoff	1	3	0.333
prose	1	1	1.0
dismissive	1	5	0.2
belittle	2	4	0.5
anti-war	1	3	0.333
unimaginable	1	1	1.0
defender	1	10	0.1
mantra	1	4	0.25
underplay	1	2	0.5
ruling	3	50	0.06
compel	1	8	0.125
contention	3	16	0.188
evaluate	1	5	0.2
carefully	1	17	0.059
far-fetch	1	1	1.0
invalidate	2	3	0.667
keen	1	5	0.2
nullify	1	1	1.0
Orlando	1	93	0.011
handgun	1	3	0.333
criticise	2	2	1.0
chide	7	7	1.0
rebut	7	9	0.778
lift	1	30	0.033
startle	2	3	0.667
underline	1	3	0.333
withdraw	3	21	0.143
lob	2	8	0.25
Sinovic	1	2	0.5
renounce	3	6	0.5
disapprove	1	3	0.333
revile	2	4	0.5
caution	7	17	0.412
uncover	2	12	0.167
spark	1	13	0.077
sacrosanct	1	1	1.0
hurl	1	3	0.333
stifle	1	5	0.2
despise	1	3	0.333
circulate	2	14	0.143
rumor	3	11	0.273
sing	1	8	0.125
broadside	1	4	0.25
intercept	1	2	0.5
evade	1	5	0.2
redact	1	10	0.1
unnoticed	1	6	0.167
swear	2	6	0.333
promptly	1	4	0.25
Tower	1	33	0.03
narrowly	1	19	0.053
aboutvladimir	1	1	1.0
BAN	1	1	1.0
Harbor	1	3	0.333
ENDS	1	1	1.0
apprehension	1	4	0.25
deter	1	10	0.1
brag	3	12	0.25
retaliate	1	3	0.333
acclaim	1	2	0.5
withheld	1	7	0.143
parrote	1	1	1.0
quip	4	5	0.8
casting	1	18	0.056
characterize	4	11	0.364
prep	1	10	0.1
discount	2	11	0.182
forfeit	1	1	1.0
alar	1	10	0.1
dictate	2	11	0.182
Backs	1	1	1.0
commend	1	3	0.333
re-nominate	1	1	1.0
flash	1	9	0.111
memoir	1	12	0.083
reconsider	1	11	0.091
reluctance	3	5	0.6
inclination	3	8	0.375
proposition	1	10	0.1
relate	1	11	0.091
morph	1	2	0.5
satisfy	1	4	0.25
anxiety	3	35	0.086
minimize	1	7	0.143
keenly	1	4	0.25
foresee	3	3	1.0
permit	1	18	0.056
misstate	1	3	0.333
taunt	2	5	0.4
posting	1	6	0.167
evident	1	8	0.125
persist	1	3	0.333
needle	1	8	0.125
diverge	1	2	0.5
aloud	1	3	0.333
infuriate	2	3	0.667
de-emphasize	1	1	1.0
sugarcoate	1	1	1.0
propound	1	1	1.0
spotlight	2	31	0.065
eyebrow	1	6	0.167
ding	1	2	0.5
pitches	1	3	0.333
rebuff	6	11	0.545
disparage	2	8	0.25
utter	2	9	0.222
miserable	1	1	1.0
confide	1	1	1.0
berate	1	2	0.5
jeer	1	7	0.143
harangue	1	2	0.5
opin	1	3	0.333
meander	1	4	0.25
conceive	1	1	1.0
depict	2	5	0.4
exasperate	1	4	0.25
unsettle	1	1	1.0
Hail	1	8	0.125
fling	1	2	0.5
slap	1	8	0.125
supervise	1	3	0.333
overhear	1	2	0.5
outlook	1	8	0.125
finess	1	1	1.0
eviscerate	2	2	1.0
unease	1	3	0.333
chatter	1	7	0.143
fascination	1	3	0.333
nickname	1	6	0.167
aspire	1	4	0.25
publicize	2	4	0.5
unheard-of	1	1	1.0
thunder	1	2	0.5
castigate	1	2	0.5
symbolize	1	3	0.333
revealing	2	3	0.667
mystified	1	1	1.0
entertain	1	3	0.333
reframe	1	3	0.333
exhort	2	2	1.0
spray	1	3	0.333
append	2	4	0.5
reassess	1	3	0.333
carping	1	1	1.0
best-known	1	4	0.25
spurn	2	4	0.5
overwhelm	1	5	0.2
posit	3	3	1.0
pronounce	3	5	0.6
eagerness	1	3	0.333
allud	1	2	0.5
query	1	5	0.2
pound	2	8	0.25
rever	3	3	1.0
unified	1	7	0.143
rethinking	1	2	0.5
Eye	1	3	0.333
unsettled	1	3	0.333
gall	1	1	1.0
demonize	1	5	0.2
anonymously	1	4	0.25
darkly	1	2	0.5
dryly	1	2	0.5
intrigue	1	4	0.25
warmly	1	3	0.333
shoulder	1	4	0.25
caricature	1	5	0.2
prescribe	2	3	0.667
retract	1	2	0.5
hopefully	1	10	0.1
stupefy	1	1	1.0
mystify	1	1	1.0
peg	3	4	0.75
crown	1	2	0.5
recalibrate	1	2	0.5
fram	2	9	0.222
explore	3	8	0.375
chronica	1	2	0.5
recant	1	2	0.5
dangle	1	1	1.0
bashing	2	4	0.5
cajole	1	2	0.5
convey	1	6	0.167
improbable	1	5	0.2
emphatically	1	2	0.5
foreshadow	2	3	0.667
implore	1	4	0.25
void	1	5	0.2
fume	1	2	0.5
adamant	3	4	0.75
renegotiate	1	2	0.5
laud	2	4	0.5
blowback	1	5	0.2
Transition	1	2	0.5
negotation	1	1	1.0
agitate	1	3	0.333
teat	3	3	1.0
pump	2	5	0.4
flop	1	1	1.0
hackles	1	1	1.0
forbid	1	3	0.333
augment	1	1	1.0
unaware	2	9	0.222
whack	1	4	0.25
muse	1	4	0.25
modify	1	8	0.125
understandable	1	2	0.5
Braynard	1	12	0.083
Hassan	1	19	0.053
verify	1	3	0.333
bludgeon	1	2	0.5
reminisce	1	2	0.5
insinuate	1	1	1.0
telegraph	1	1	1.0
impugn	1	2	0.5
well-received	1	1	1.0
angriest	1	1	1.0
irritate	1	3	0.333
second-guess	1	3	0.333
desperation	1	2	0.5
Cheyenne	2	4	0.5
Soto	1	3	0.333
sided	1	8	0.125
quash	1	5	0.2
surmise	2	2	1.0
Conservatives	1	5	0.2
Informer	1	1	1.0
confound	1	2	0.5
self-profess	1	1	1.0
corroborate	1	1	1.0
dedicate	1	1	1.0
rankle	1	2	0.5
infuriating	1	1	1.0
taper	1	1	1.0
picket	1	4	0.25
much-awaited	1	1	1.0
pummel	1	1	1.0
vex	1	2	0.5
counter-accuse	1	1	1.0
agitated	1	2	0.5
gladly	1	2	0.5
hijack	1	2	0.5
posture	1	2	0.5
specify	1	2	0.5
counter-argument	1	1	1.0
half-jok	1	1	1.0
excoriate	1	2	0.5
devise	1	2	0.5
aghast	1	1	1.0
immunity	1	7	0.143
impart	1	1	1.0
sang	1	1	1.0
amaze	1	1	1.0
rescind	1	1	1.0
now-familiar	1	1	1.0
timelessly	1	1	1.0
clichaÌƒ	1	1	1.0
satirize	2	2	1.0
most-talked-about	1	1	1.0
paraphrase	1	1	1.0
inflate	2	2	1.0
Holan	1	4	0.25
meet-and-greet	1	2	0.5
cheerleading	1	2	0.5
alarming	1	2	0.5
annoyed	1	1	1.0
acknowledgment	1	1	1.0
vindicate	1	2	0.5
snipe	1	1	1.0
premier	1	1	1.0
demean	1	2	0.5
chord	1	2	0.5
restate	1	1	1.0
spout	1	2	0.5
doubtful	1	2	0.5
unafraid	1	2	0.5
grouse	1	1	1.0
overrule	1	3	0.333
scotch	1	1	1.0
admonish	1	1	1.0
Heard	1	1	1.0
adage	1	1	1.0
live-tweet	1	1	1.0
solicite	1	3	0.333
Reveals	1	1	1.0
Spell	1	1	1.0
Woodward	1	3	0.333
hypothesize	1	1	1.0
redraft	1	1	1.0
